Img_Name,Label_Name,Label
angewomon_3,angewomon,0
gabumon_5,gabumon,1
lilimon_2,lilimon,2
lilimon_5,lilimon,2
gabumon_3,gabumon,1
guilmon_4,guilmon,3
agumon_6,agumon,4
gatomon_4,gatomon,5
patamon_4,patamon,6
agumon_2,agumon,4
angemon_6,angemon,7
guilmon_5,guilmon,3
lilimon_4,lilimon,2
patamon_1,patamon,6
angemon_1,angemon,7
gabumon_4,gabumon,1
guilmon_1,guilmon,3
gabumon_6,gabumon,1
agumon_1,agumon,4
agumon_5,agumon,4
angewomon_2,angewomon,0
agumon_3,agumon,4
lilimon_3,lilimon,2
angemon_4,angemon,7
gatomon_2,gatomon,5
guilmon_2,guilmon,3
patamon_2,patamon,6
gabumon_1,gabumon,1
agumon_4,agumon,4
gatomon_1,gatomon,5
gatomon_3,gatomon,5
lilimon_6,lilimon,2
guilmon_3,guilmon,3
angemon_5,angemon,7
angewomon_4,angewomon,0
lilimon_1,lilimon,2
angewomon_1,angewomon,0
gatomon_5,gatomon,5
angemon_3,angemon,7
gatomon_6,gatomon,5
patamon_3,patamon,6
gabumon_2,gabumon,1
angemon_2,angemon,7
patamon_5,patamon,6
agumon_7,agumon,4
