Img_Name,Label_Name,Label
angemon_3,angemon,0
angemon_5,angemon,0
agumon_5,agumon,1
agumon_3,agumon,1
lilimon_3,lilimon,2
angewomon_1,angewomon,3
gatomon_5,gatomon,4
agumon_7,agumon,1
gatomon_3,gatomon,4
agumon_1,agumon,1
angemon_2,angemon,0
gabumon_5,gabumon,5
gabumon_1,gabumon,5
gabumon_6,gabumon,5
guilmon_5,guilmon,6
angemon_6,angemon,0
gabumon_3,gabumon,5
patamon_3,patamon,7
patamon_2,patamon,7
gatomon_1,gatomon,4
lilimon_2,lilimon,2
guilmon_3,guilmon,6
lilimon_1,lilimon,2
angewomon_3,angewomon,3
gabumon_2,gabumon,5
patamon_4,patamon,7
patamon_5,patamon,7
guilmon_4,guilmon,6
angewomon_2,angewomon,3
gatomon_4,gatomon,4
angemon_4,angemon,0
lilimon_6,lilimon,2
gabumon_4,gabumon,5
guilmon_2,guilmon,6
lilimon_4,lilimon,2
agumon_6,agumon,1
patamon_1,patamon,7
agumon_4,agumon,1
lilimon_5,lilimon,2
agumon_2,agumon,1
angewomon_4,angewomon,3
angemon_1,angemon,0
guilmon_1,guilmon,6
gatomon_2,gatomon,4
gatomon_6,gatomon,4
