Img_Name,Type,Label_Name,Label
angemon_3,jpg,angemon,0
angemon_5,jpg,angemon,0
agumon_5,jpeg,agumon,1
agumon_3,jpeg,agumon,1
lilimon_3,jpg,lilimon,2
angewomon_1,png,angewomon,3
gatomon_5,jpg,gatomon,4
agumon_7,jpg,agumon,1
gatomon_3,jpg,gatomon,4
agumon_1,png,agumon,1
angemon_2,png,angemon,0
gabumon_5,jpg,gabumon,5
gabumon_1,png,gabumon,5
gabumon_6,png,gabumon,5
guilmon_5,jpg,guilmon,6
angemon_6,jpg,angemon,0
gabumon_3,png,gabumon,5
patamon_3,jpg,patamon,7
patamon_2,jpg,patamon,7
gatomon_1,jpg,gatomon,4
lilimon_2,jpg,lilimon,2
guilmon_3,jpg,guilmon,6
lilimon_1,jpeg,lilimon,2
angewomon_3,jpg,angewomon,3
gabumon_2,png,gabumon,5
patamon_4,jpg,patamon,7
patamon_5,jpg,patamon,7
guilmon_4,jpg,guilmon,6
angewomon_2,png,angewomon,3
gatomon_4,jpg,gatomon,4
angemon_4,jpg,angemon,0
lilimon_6,jpg,lilimon,2
gabumon_4,jpg,gabumon,5
guilmon_2,png,guilmon,6
lilimon_4,jpg,lilimon,2
agumon_6,jpeg,agumon,1
patamon_1,jpg,patamon,7
agumon_4,jpeg,agumon,1
lilimon_5,jpg,lilimon,2
agumon_2,png,agumon,1
angewomon_4,jpg,angewomon,3
angemon_1,png,angemon,0
guilmon_1,png,guilmon,6
gatomon_2,png,gatomon,4
gatomon_6,jpg,gatomon,4
